[
  {
    "id": "53a9c2dd-4c17-4f45-a179-c7880e9175ce",
    "data": [
      {
        "text": "what is todays ",
        "userDefined": false
      },
      {
        "text": "closing price",
        "alias": "BTCoin",
        "meta": "@BTCoin",
        "userDefined": false
      },
      {
        "text": "?",
        "userDefined": false
      }
    ],
    "isTemplate": false,
    "count": 0,
    "updated": 1508683848
  },
  {
    "id": "f966b908-b635-4881-b0f6-c7abf7c9ac64",
    "data": [
      {
        "text": "what is the ",
        "userDefined": false
      },
      {
        "text": "closing",
        "alias": "BTCoin",
        "meta": "@BTCoin",
        "userDefined": false
      },
      {
        "text": " rate?",
        "userDefined": false
      }
    ],
    "isTemplate": false,
    "count": 0,
    "updated": 1508682946
  },
  {
    "id": "f0b990cc-e1ca-48f1-ba4a-2c62404a1f16",
    "data": [
      {
        "text": "what is the ",
        "userDefined": false
      },
      {
        "text": "closing price",
        "alias": "BTCoin",
        "meta": "@BTCoin",
        "userDefined": false
      },
      {
        "text": "?",
        "userDefined": false
      }
    ],
    "isTemplate": false,
    "count": 0,
    "updated": 1508682946
  }
]