[
  {
    "id": "bba89be3-db53-4bc1-a174-a50b970269ae",
    "data": [
      {
        "text": "BTC",
        "userDefined": false
      }
    ],
    "isTemplate": false,
    "count": 0,
    "updated": 1509013918
  },
  {
    "id": "70313131-6054-4fa1-9f97-d9a4c63a567f",
    "data": [
      {
        "text": "how much does bitcoin ",
        "userDefined": false
      },
      {
        "text": "cost",
        "alias": "BTCoin",
        "meta": "@BTCoin",
        "userDefined": true
      },
      {
        "text": "?",
        "userDefined": false
      }
    ],
    "isTemplate": false,
    "count": 0,
    "updated": 1508683819
  },
  {
    "id": "a013d905-8f91-4a1c-962b-ba6e70b4a867",
    "data": [
      {
        "text": "what is the ",
        "userDefined": false
      },
      {
        "text": "price",
        "alias": "BTCoin",
        "meta": "@BTCoin",
        "userDefined": false
      },
      {
        "text": " of bitcoin?",
        "userDefined": false
      }
    ],
    "isTemplate": false,
    "count": 0,
    "updated": 1508683819
  },
  {
    "id": "076cd90f-1b60-4516-baa0-d570a96ab49f",
    "data": [
      {
        "text": "current",
        "alias": "BTCoin",
        "meta": "@BTCoin",
        "userDefined": true
      },
      {
        "text": " price",
        "userDefined": false
      }
    ],
    "isTemplate": false,
    "count": 0,
    "updated": 1508683819
  },
  {
    "id": "48e4f4b0-c687-42c3-8290-339bb42261f0",
    "data": [
      {
        "text": "What is the ",
        "userDefined": false
      },
      {
        "text": "current",
        "alias": "BTCoin",
        "meta": "@BTCoin",
        "userDefined": true
      },
      {
        "text": " price of Bitcoin?",
        "userDefined": false
      }
    ],
    "isTemplate": false,
    "count": 0,
    "updated": 1508680883
  }
]