[
  {
    "id": "312eae2d-2f4c-4eb9-9ce5-c82a1187c30b",
    "data": [
      {
        "text": "What is the ",
        "userDefined": false
      },
      {
        "text": "highest",
        "alias": "BTCoin",
        "meta": "@BTCoin",
        "userDefined": false
      },
      {
        "text": " for ",
        "userDefined": false
      },
      {
        "text": "today",
        "alias": "date",
        "meta": "@sys.date",
        "userDefined": false
      },
      {
        "text": "?",
        "userDefined": false
      }
    ],
    "isTemplate": false,
    "count": 0,
    "updated": 1508724397
  },
  {
    "id": "f5b1b4a8-9a86-4fbe-af32-9926fbd4745a",
    "data": [
      {
        "text": "what is ",
        "userDefined": false
      },
      {
        "text": "todays",
        "alias": "date",
        "meta": "@sys.date",
        "userDefined": false
      },
      {
        "text": " ",
        "userDefined": false
      },
      {
        "text": "high",
        "alias": "BTCoin",
        "meta": "@BTCoin",
        "userDefined": false
      },
      {
        "text": "?",
        "userDefined": false
      }
    ],
    "isTemplate": false,
    "count": 0,
    "updated": 1508683904
  },
  {
    "id": "afcf8698-6d0c-40f6-b270-924afc5d85ac",
    "data": [
      {
        "text": "what is todays ",
        "userDefined": false
      },
      {
        "text": "highest",
        "alias": "BTCoin",
        "meta": "@BTCoin",
        "userDefined": false
      },
      {
        "text": "?",
        "userDefined": false
      }
    ],
    "isTemplate": false,
    "count": 0,
    "updated": 1508683904
  },
  {
    "id": "72ebdc07-f7b5-45c3-9927-2b1cdfbfbdff",
    "data": [
      {
        "text": "What is the ",
        "userDefined": false
      },
      {
        "text": "highest",
        "alias": "BTCoin",
        "meta": "@BTCoin",
        "userDefined": false
      },
      {
        "text": " ",
        "userDefined": false
      },
      {
        "text": "price",
        "meta": "@sys.ignore",
        "userDefined": false
      },
      {
        "text": " of bitcoin?",
        "userDefined": false
      }
    ],
    "isTemplate": false,
    "count": 0,
    "updated": 1508682128
  },
  {
    "id": "87814166-d8c0-464d-abf6-13feac72b204",
    "data": [
      {
        "text": "what is the current ",
        "userDefined": false
      },
      {
        "text": "high",
        "alias": "BTCoin",
        "meta": "@BTCoin",
        "userDefined": true
      },
      {
        "text": "?",
        "userDefined": false
      }
    ],
    "isTemplate": false,
    "count": 0,
    "updated": 0
  },
  {
    "id": "e736c745-d685-4cf2-b800-2c70a71e787a",
    "data": [
      {
        "text": "highest",
        "alias": "BTCoin",
        "meta": "@BTCoin",
        "userDefined": true
      },
      {
        "text": " price",
        "userDefined": false
      }
    ],
    "isTemplate": false,
    "count": 0,
    "updated": 0
  }
]