[
  {
    "id": "645ae33a-914c-4fc5-a578-6ee3dc2851dd",
    "data": [
      {
        "text": "todays",
        "alias": "date",
        "meta": "@sys.date",
        "userDefined": false
      },
      {
        "text": " ",
        "userDefined": false
      },
      {
        "text": "low",
        "alias": "BTCoin",
        "meta": "@BTCoin",
        "userDefined": false
      },
      {
        "text": "?",
        "userDefined": false
      }
    ],
    "isTemplate": false,
    "count": 0,
    "updated": 1508726688
  },
  {
    "id": "098e8b8b-61f9-44d1-977c-62648156a4b6",
    "data": [
      {
        "text": "how ",
        "userDefined": false
      },
      {
        "text": "low",
        "alias": "BTCoin",
        "meta": "@BTCoin",
        "userDefined": false
      },
      {
        "text": " did it go ",
        "userDefined": false
      },
      {
        "text": "today",
        "alias": "date",
        "meta": "@sys.date",
        "userDefined": false
      },
      {
        "text": "?",
        "userDefined": false
      }
    ],
    "isTemplate": false,
    "count": 0,
    "updated": 0
  },
  {
    "id": "658180d5-d677-4faa-93d6-136f63adc91c",
    "data": [
      {
        "text": "The ",
        "userDefined": false
      },
      {
        "text": "lowest",
        "alias": "BTCoin",
        "meta": "@BTCoin",
        "userDefined": false
      },
      {
        "text": " ",
        "userDefined": false
      },
      {
        "text": "price",
        "meta": "@sys.ignore",
        "userDefined": false
      }
    ],
    "isTemplate": false,
    "count": 0,
    "updated": 0
  },
  {
    "id": "c8ba8aba-7136-4643-b71d-fd7376f0e637",
    "data": [
      {
        "text": "What is the ",
        "userDefined": false
      },
      {
        "text": "lowest",
        "alias": "BTCoin",
        "meta": "@BTCoin",
        "userDefined": false
      },
      {
        "text": " ",
        "userDefined": false
      },
      {
        "text": "price",
        "meta": "@sys.ignore",
        "userDefined": false
      },
      {
        "text": " ",
        "userDefined": false
      },
      {
        "text": "today",
        "alias": "date",
        "meta": "@sys.date",
        "userDefined": false
      },
      {
        "text": "?",
        "userDefined": false
      }
    ],
    "isTemplate": false,
    "count": 0,
    "updated": 0
  }
]