[
  {
    "id": "3d37f8be-b7d4-49f4-b8d9-1343b1acc0d2",
    "data": [
      {
        "text": "whats todays ",
        "userDefined": false
      },
      {
        "text": "open",
        "alias": "BTCoin",
        "meta": "@BTCoin",
        "userDefined": false
      },
      {
        "text": "?",
        "userDefined": false
      }
    ],
    "isTemplate": false,
    "count": 0,
    "updated": 1508722576
  },
  {
    "id": "716c2251-05ce-42a4-9c5d-5b29d4b101d3",
    "data": [
      {
        "text": "what was the ",
        "userDefined": false
      },
      {
        "text": "opening price",
        "alias": "BTCoin",
        "meta": "@BTCoin",
        "userDefined": false
      },
      {
        "text": "?",
        "userDefined": false
      }
    ],
    "isTemplate": false,
    "count": 0,
    "updated": 1508722576
  },
  {
    "id": "19cb5721-b870-4cce-806b-684fd9e1dce0",
    "data": [
      {
        "text": "what is ",
        "userDefined": false
      },
      {
        "text": "todays",
        "alias": "date",
        "meta": "@sys.date",
        "userDefined": false
      },
      {
        "text": " ",
        "userDefined": false
      },
      {
        "text": "opening",
        "alias": "BTCoin",
        "meta": "@BTCoin",
        "userDefined": false
      },
      {
        "text": " rate?",
        "userDefined": false
      }
    ],
    "isTemplate": false,
    "count": 0,
    "updated": 1508722576
  },
  {
    "id": "66656dfa-8785-4f5c-bf1d-1b36745684e1",
    "data": [
      {
        "text": "what is the ",
        "userDefined": false
      },
      {
        "text": "opening",
        "alias": "BTCoin",
        "meta": "@BTCoin",
        "userDefined": false
      },
      {
        "text": " rate?",
        "userDefined": false
      }
    ],
    "isTemplate": false,
    "count": 0,
    "updated": 1508684482
  },
  {
    "id": "fd8ca742-cd98-4f2f-a9eb-b44034299228",
    "data": [
      {
        "text": "what was the ",
        "userDefined": false
      },
      {
        "text": "open",
        "alias": "BTCoin",
        "meta": "@BTCoin",
        "userDefined": false
      },
      {
        "text": " ",
        "userDefined": false
      },
      {
        "text": "price",
        "meta": "@sys.ignore",
        "userDefined": false
      },
      {
        "text": "?",
        "userDefined": false
      }
    ],
    "isTemplate": false,
    "count": 0,
    "updated": 1508684482
  },
  {
    "id": "73d929b4-e6b3-462f-a649-457e741251d0",
    "data": [
      {
        "text": "What is the ",
        "userDefined": false
      },
      {
        "text": "opening price",
        "alias": "BTCoin",
        "meta": "@BTCoin",
        "userDefined": false
      },
      {
        "text": "?",
        "userDefined": false
      }
    ],
    "isTemplate": false,
    "count": 0,
    "updated": 1508684482
  }
]