[
  {
    "id": "e4d5e4c4-fbfd-4d6b-8919-8dab4a7bdaac",
    "data": [
      {
        "text": "what is todays ",
        "userDefined": false
      },
      {
        "text": "range",
        "alias": "BTCoin",
        "meta": "@BTCoin",
        "userDefined": false
      },
      {
        "text": "?",
        "userDefined": false
      }
    ],
    "isTemplate": false,
    "count": 0,
    "updated": 1508722499
  },
  {
    "id": "0f7ca4b2-4538-467a-85f5-185ae9d8cd20",
    "data": [
      {
        "text": "what is the ",
        "userDefined": false
      },
      {
        "text": "range",
        "alias": "BTCoin",
        "meta": "@BTCoin",
        "userDefined": false
      },
      {
        "text": " of bitcoin ",
        "userDefined": false
      },
      {
        "text": "prices",
        "meta": "@sys.ignore",
        "userDefined": false
      },
      {
        "text": " for the day?",
        "userDefined": false
      }
    ],
    "isTemplate": false,
    "count": 0,
    "updated": 1508722499
  },
  {
    "id": "b3426440-c7dd-4ce5-84d5-e0a5b69719a5",
    "data": [
      {
        "text": "Whats todays ",
        "userDefined": false
      },
      {
        "text": "range",
        "alias": "BTCoin",
        "meta": "@BTCoin",
        "userDefined": false
      },
      {
        "text": "?",
        "userDefined": false
      }
    ],
    "isTemplate": false,
    "count": 0,
    "updated": 1508722499
  }
]