[
  {
    "id": "64c8beeb-b440-465d-a850-5476a19076b6",
    "data": [
      {
        "text": "Tell me how is the Bitcoin ",
        "userDefined": false
      },
      {
        "text": "Market",
        "alias": "BTCoin",
        "meta": "@BTCoin",
        "userDefined": true
      },
      {
        "text": " doing today?",
        "userDefined": false
      }
    ],
    "isTemplate": false,
    "count": 0,
    "updated": 1509347220
  },
  {
    "id": "14dac925-9668-4201-b474-1f50c5b1b80c",
    "data": [
      {
        "text": "Hows the ",
        "userDefined": false
      },
      {
        "text": "trend",
        "alias": "BTCoin",
        "meta": "@BTCoin",
        "userDefined": false
      },
      {
        "text": " ",
        "userDefined": false
      },
      {
        "text": "today",
        "meta": "@sys.ignore",
        "userDefined": false
      },
      {
        "text": "?",
        "userDefined": false
      }
    ],
    "isTemplate": false,
    "count": 0,
    "updated": 1508722432
  },
  {
    "id": "7e95e1ae-a5a2-4d3a-b7aa-27e7a2122b0c",
    "data": [
      {
        "text": "trend",
        "alias": "BTCoin",
        "meta": "@BTCoin",
        "userDefined": true
      }
    ],
    "isTemplate": false,
    "count": 0,
    "updated": 1508680933
  },
  {
    "id": "0825a3ed-a168-41d3-a9ee-365cb05cd3fb",
    "data": [
      {
        "text": "what is the current ",
        "userDefined": false
      },
      {
        "text": "trend",
        "alias": "BTCoin",
        "meta": "@BTCoin",
        "userDefined": true
      },
      {
        "text": "?",
        "userDefined": false
      }
    ],
    "isTemplate": false,
    "count": 0,
    "updated": 0
  }
]