[
  {
    "id": "44f68596-04df-41cd-b057-332b628abbe7",
    "data": [
      {
        "text": "Search for ",
        "userDefined": false
      },
      {
        "text": "$search-query",
        "alias": "search-query",
        "meta": "@sys.any",
        "userDefined": true
      }
    ],
    "isTemplate": false,
    "count": 0,
    "updated": 1523504155
  },
  {
    "id": "aa3185a9-f301-4912-90f8-8a038cc2f644",
    "data": [
      {
        "text": "Find ",
        "userDefined": false
      },
      {
        "text": "$text",
        "alias": "search-query",
        "meta": "@sys.any",
        "userDefined": true
      }
    ],
    "isTemplate": false,
    "count": 0,
    "updated": 1523504155
  },
  {
    "id": "f69fe6a0-e01c-49ce-afdc-d1e61983a95b",
    "data": [
      {
        "text": "Find an asset",
        "userDefined": false
      }
    ],
    "isTemplate": false,
    "count": 0,
    "updated": 1523504155
  },
  {
    "id": "1424088c-b8c7-4f76-80a0-43fa1d22fd54",
    "data": [
      {
        "text": "I want to find an asset",
        "userDefined": false
      }
    ],
    "isTemplate": false,
    "count": 0,
    "updated": 1523504155
  },
  {
    "id": "d8f97304-049e-43c6-b7e8-18da1b9beffa",
    "data": [
      {
        "text": "I want to search for an asset",
        "userDefined": false
      }
    ],
    "isTemplate": false,
    "count": 0,
    "updated": 1523504155
  },
  {
    "id": "6d8d101a-8d32-47f3-9894-68e088b0b2a2",
    "data": [
      {
        "text": "Search for asset",
        "userDefined": false
      }
    ],
    "isTemplate": false,
    "count": 0,
    "updated": 1523504155
  }
]