[
  {
    "value": "Current Price",
    "synonyms": [
      "Current Price",
      "current",
      "price",
      "right now",
      "cost",
      "prices"
    ]
  },
  {
    "value": "Closing Price",
    "synonyms": [
      "Closing Price",
      "closing",
      "close",
      "last",
      "stop"
    ]
  },
  {
    "value": "Opening Price",
    "synonyms": [
      "Opening Price",
      "opening",
      "starting",
      "start",
      "open"
    ]
  },
  {
    "value": "Trend",
    "synonyms": [
      "Trend",
      "pattern",
      "status",
      "scenario",
      "market"
    ]
  },
  {
    "value": "Range",
    "synonyms": [
      "Range",
      "price interval",
      "interval",
      "varying"
    ]
  },
  {
    "value": "Highest",
    "synonyms": [
      "Highest",
      "high"
    ]
  },
  {
    "value": "Lowest",
    "synonyms": [
      "Lowest",
      "low"
    ]
  }
]